country_name,country,currency,currency_name
"Taiwan, Province of China",TW,,
Afghanistan,AF,AFN,Afghani
Albania,AL,ALL,Lek
Algeria,DZ,DZD,Algerian Dinar
American Samoa,AS,USD,US Dollar
Andorra,AD,EUR,Euro
Angola,AO,AOA,Kwanza
Anguilla,AI,XCD,East Caribbean Dollar
Antarctica,AQ,,No universal currency
Antigua and Barbuda,AG,XCD,East Caribbean Dollar
Argentina,AR,ARS,Argentine Peso
Armenia,AM,AMD,Armenian Dram
Aruba,AW,AWG,Aruban Florin
Australia,AU,AUD,Australian Dollar
Austria,AT,EUR,Euro
Azerbaijan,AZ,AZN,Azerbaijan Manat
Bahamas,BS,BSD,Bahamian Dollar
Bahrain,BH,BHD,Bahraini Dinar
Bangladesh,BD,BDT,Taka
Barbados,BB,BBD,Barbados Dollar
Belarus,BY,BYN,Belarusian Ruble
Belgium,BE,EUR,Euro
Belize,BZ,BZD,Belize Dollar
Benin,BJ,XOF,CFA Franc BCEAO
Bermuda,BM,BMD,Bermudian Dollar
Bhutan,BT,"INR,BTN","Indian Rupee,Ngultrum"
Bolivia (Plurinational State of),BO,BOB,Boliviano
"Bonaire, Sint Eustatius and Saba",BQ,USD,US Dollar
Bosnia and Herzegovina,BA,BAM,Convertible Mark
Botswana,BW,BWP,Pula
Bouvet Island,BV,NOK,Norwegian Krone
Brazil,BR,BRL,Brazilian Real
British Indian Ocean Territory,IO,USD,US Dollar
British Virgin Islands,VG,USD,US Dollar
Brunei Darussalam,BN,BND,Brunei Dollar
Bulgaria,BG,BGN,Bulgarian Lev
Burkina Faso,BF,XOF,CFA Franc BCEAO
Burundi,BI,BIF,Burundi Franc
Cabo Verde,CV,CVE,Cabo Verde Escudo
Cambodia,KH,KHR,Riel
Cameroon,CM,XAF,CFA Franc BEAC
Canada,CA,CAD,Canadian Dollar
Cayman Islands,KY,KYD,Cayman Islands Dollar
Central African Republic,CF,XAF,CFA Franc BEAC
Chad,TD,XAF,CFA Franc BEAC
Chile,CL,CLP,Chilean Peso
China,CN,CNY,Yuan Renminbi
"China, Hong Kong Special Administrative Region",HK,HKD,Hong Kong Dollar
"China, Macao Special Administrative Region",MO,MOP,Pataca
Christmas Island,CX,AUD,Australian Dollar
Cocos (Keeling) Islands,CC,AUD,Australian Dollar
Colombia,CO,COP,Colombian Peso
Comoros,KM,KMF,Comorian Franc
Congo,CG,XAF,CFA Franc BEAC
Cook Islands,CK,NZD,New Zealand Dollar
Costa Rica,CR,CRC,Costa Rican Colon
Croatia,HR,HRK,Kuna
Cuba,CU,"CUP,CUC","Cuban Peso,Peso Convertible"
Curaçao,CW,ANG,Netherlands Antillean Guilder
Cyprus,CY,EUR,Euro
Czechia,CZ,CZK,Czech Koruna
Côte d'Ivoire,CI,XOF,CFA Franc BCEAO
Democratic People's Republic of Korea,KP,KPW,North Korean Won
Democratic Republic of the Congo,CD,CDF,Congolese Franc
Denmark,DK,DKK,Danish Krone
Djibouti,DJ,DJF,Djibouti Franc
Dominica,DM,XCD,East Caribbean Dollar
Dominican Republic,DO,DOP,Dominican Peso
Ecuador,EC,USD,US Dollar
Egypt,EG,EGP,Egyptian Pound
El Salvador,SV,"SVC,USD","El Salvador Colon,US Dollar"
Equatorial Guinea,GQ,XAF,CFA Franc BEAC
Eritrea,ER,ERN,Nakfa
Estonia,EE,EUR,Euro
Ethiopia,ET,ETB,Ethiopian Birr
Falkland Islands (Malvinas),FK,,
Faroe Islands,FO,DKK,Danish Krone
Fiji,FJ,FJD,Fiji Dollar
Finland,FI,EUR,Euro
France,FR,EUR,Euro
French Guiana,GF,EUR,Euro
French Polynesia,PF,XPF,CFP Franc
French Southern Territories,TF,EUR,Euro
Gabon,GA,XAF,CFA Franc BEAC
Gambia,GM,GMD,Dalasi
Georgia,GE,GEL,Lari
Germany,DE,EUR,Euro
Ghana,GH,GHS,Ghana Cedi
Gibraltar,GI,GIP,Gibraltar Pound
Greece,GR,EUR,Euro
Greenland,GL,DKK,Danish Krone
Grenada,GD,XCD,East Caribbean Dollar
Guadeloupe,GP,EUR,Euro
Guam,GU,USD,US Dollar
Guatemala,GT,GTQ,Quetzal
Guernsey,GG,GBP,Pound Sterling
Guinea,GN,GNF,Guinean Franc
Guinea-Bissau,GW,XOF,CFA Franc BCEAO
Guyana,GY,GYD,Guyana Dollar
Haiti,HT,"HTG,USD","Gourde,US Dollar"
Heard Island and McDonald Islands,HM,AUD,Australian Dollar
Holy See,VA,EUR,Euro
Honduras,HN,HNL,Lempira
Hungary,HU,HUF,Forint
Iceland,IS,ISK,Iceland Krona
India,IN,INR,Indian Rupee
Indonesia,ID,IDR,Rupiah
Iran (Islamic Republic of),IR,IRR,Iranian Rial
Iraq,IQ,IQD,Iraqi Dinar
Ireland,IE,EUR,Euro
Isle of Man,IM,GBP,Pound Sterling
Israel,IL,ILS,New Israeli Sheqel
Italy,IT,EUR,Euro
Jamaica,JM,JMD,Jamaican Dollar
Japan,JP,JPY,Yen
Jersey,JE,GBP,Pound Sterling
Jordan,JO,JOD,Jordanian Dinar
Kazakhstan,KZ,KZT,Tenge
Kenya,KE,KES,Kenyan Shilling
Kiribati,KI,AUD,Australian Dollar
Kuwait,KW,KWD,Kuwaiti Dinar
Kyrgyzstan,KG,KGS,Som
Lao People's Democratic Republic,LA,LAK,Lao Kip
Latvia,LV,EUR,Euro
Lebanon,LB,LBP,Lebanese Pound
Lesotho,LS,"LSL,ZAR","Loti,Rand"
Liberia,LR,LRD,Liberian Dollar
Libya,LY,LYD,Libyan Dinar
Liechtenstein,LI,CHF,Swiss Franc
Lithuania,LT,EUR,Euro
Luxembourg,LU,EUR,Euro
Madagascar,MG,MGA,Malagasy Ariary
Malawi,MW,MWK,Malawi Kwacha
Malaysia,MY,MYR,Malaysian Ringgit
Maldives,MV,MVR,Rufiyaa
Mali,ML,XOF,CFA Franc BCEAO
Malta,MT,EUR,Euro
Marshall Islands,MH,USD,US Dollar
Martinique,MQ,EUR,Euro
Mauritania,MR,MRO,Ouguiya
Mauritius,MU,MUR,Mauritius Rupee
Mayotte,YT,EUR,Euro
Mexico,MX,MXN,Mexican Peso
Micronesia (Federated States of),FM,USD,US Dollar
Monaco,MC,EUR,Euro
Mongolia,MN,MNT,Tugrik
Montenegro,ME,EUR,Euro
Montserrat,MS,XCD,East Caribbean Dollar
Morocco,MA,MAD,Moroccan Dirham
Mozambique,MZ,MZN,Mozambique Metical
Myanmar,MM,MMK,Kyat
Namibia,NA,"NAD,ZAR","Namibia Dollar,Rand"
Nauru,NR,AUD,Australian Dollar
Nepal,NP,NPR,Nepalese Rupee
Netherlands,NL,EUR,Euro
New Caledonia,NC,XPF,CFP Franc
New Zealand,NZ,NZD,New Zealand Dollar
Nicaragua,NI,NIO,Cordoba Oro
Niger,NE,XOF,CFA Franc BCEAO
Nigeria,NG,NGN,Naira
Niue,NU,NZD,New Zealand Dollar
Norfolk Island,NF,AUD,Australian Dollar
Northern Mariana Islands,MP,USD,US Dollar
Norway,NO,NOK,Norwegian Krone
Oman,OM,OMR,Rial Omani
Pakistan,PK,PKR,Pakistan Rupee
Palau,PW,USD,US Dollar
Panama,PA,"PAB,USD","Balboa,US Dollar"
Papua New Guinea,PG,PGK,Kina
Paraguay,PY,PYG,Guarani
Peru,PE,PEN,Sol
Philippines,PH,PHP,Philippine Piso
Pitcairn,PN,NZD,New Zealand Dollar
Poland,PL,PLN,Zloty
Portugal,PT,EUR,Euro
Puerto Rico,PR,USD,US Dollar
Qatar,QA,QAR,Qatari Rial
Republic of Korea,KR,KRW,Won
Republic of Moldova,MD,MDL,Moldovan Leu
Romania,RO,RON,Romanian Leu
Russian Federation,RU,RUB,Russian Ruble
Rwanda,RW,RWF,Rwanda Franc
Réunion,RE,EUR,Euro
Saint Barthélemy,BL,EUR,Euro
Saint Helena,SH,SHP,Saint Helena Pound
Saint Kitts and Nevis,KN,XCD,East Caribbean Dollar
Saint Lucia,LC,XCD,East Caribbean Dollar
Saint Martin (French Part),MF,EUR,Euro
Saint Pierre and Miquelon,PM,EUR,Euro
Saint Vincent and the Grenadines,VC,XCD,East Caribbean Dollar
Samoa,WS,WST,Tala
San Marino,SM,EUR,Euro
Sao Tome and Principe,ST,STD,Dobra
Sark,,,
Saudi Arabia,SA,SAR,Saudi Riyal
Senegal,SN,XOF,CFA Franc BCEAO
Serbia,RS,RSD,Serbian Dinar
Seychelles,SC,SCR,Seychelles Rupee
Sierra Leone,SL,SLL,Leone
Singapore,SG,SGD,Singapore Dollar
Sint Maarten (Dutch part),SX,ANG,Netherlands Antillean Guilder
Slovakia,SK,EUR,Euro
Slovenia,SI,EUR,Euro
Solomon Islands,SB,SBD,Solomon Islands Dollar
Somalia,SO,SOS,Somali Shilling
South Africa,ZA,ZAR,Rand
South Georgia and the South Sandwich Islands,GS,,No universal currency
South Sudan,SS,SSP,South Sudanese Pound
Spain,ES,EUR,Euro
Sri Lanka,LK,LKR,Sri Lanka Rupee
State of Palestine,PS,,No universal currency
Sudan,SD,SDG,Sudanese Pound
Suriname,SR,SRD,Surinam Dollar
Svalbard and Jan Mayen Islands,SJ,NOK,Norwegian Krone
Swaziland,SZ,SZL,Lilangeni
Sweden,SE,SEK,Swedish Krona
Switzerland,CH,CHF,Swiss Franc
Syrian Arab Republic,SY,SYP,Syrian Pound
Tajikistan,TJ,TJS,Somoni
Thailand,TH,THB,Baht
The former Yugoslav Republic of Macedonia,MK,MKD,Denar
Timor-Leste,TL,USD,US Dollar
Togo,TG,XOF,CFA Franc BCEAO
Tokelau,TK,NZD,New Zealand Dollar
Tonga,TO,TOP,Pa’anga
Trinidad and Tobago,TT,TTD,Trinidad and Tobago Dollar
Tunisia,TN,TND,Tunisian Dinar
Turkey,TR,TRY,Turkish Lira
Turkmenistan,TM,TMT,Turkmenistan New Manat
Turks and Caicos Islands,TC,USD,US Dollar
Tuvalu,TV,AUD,Australian Dollar
Uganda,UG,UGX,Uganda Shilling
Ukraine,UA,UAH,Hryvnia
United Arab Emirates,AE,AED,UAE Dirham
United Kingdom of Great Britain and Northern Ireland,GB,GBP,Pound Sterling
United Republic of Tanzania,TZ,TZS,Tanzanian Shilling
United States Minor Outlying Islands,UM,USD,US Dollar
United States Virgin Islands,VI,USD,US Dollar
United States of America,US,USD,US Dollar
Uruguay,UY,UYU,Peso Uruguayo
Uzbekistan,UZ,UZS,Uzbekistan Sum
Vanuatu,VU,VUV,Vatu
Venezuela (Bolivarian Republic of),VE,VEF,Bolívar
Viet Nam,VN,VND,Dong
Wallis and Futuna Islands,WF,XPF,CFP Franc
Western Sahara,EH,MAD,Moroccan Dirham
Yemen,YE,YER,Yemeni Rial
Zambia,ZM,ZMW,Zambian Kwacha
Zimbabwe,ZW,ZWL,Zimbabwe Dollar
Åland Islands,AX,EUR,Euro
